Workbook

Sheet Summary
A1: Wall-following performance on the real TurtleBot3 (FOLLOW state only)
A2: Target distance: 0.30 m. Both runs on 25 Oct 2026, same arena.
A4: Metric | B4: Baseline | C4: Dual PID | D4: Dual - Baseline | E4: How it is calculated
A5: Controller design | B5: 1 angular PID (Kp 1.0, Ki 0.01, Kd 0.2); speed rule 0.08 / 0.04 m/s | C5: Angular PID (Kp 1.2, Kd 0.3) + speed PID (Kp_v 0.16); two-beam wall estimate
A6: FOLLOW samples | B6: =COUNTIF('Baseline Data'!$B$2:$B$95,"FOLLOW") -> 75 | C6: =COUNTIF('Dual PID Data'!$B$2:$B$136,"FOLLOW") -> 112 | D6: =C6-B6 -> 37 | E6: Log lines in FOLLOW state
A7: Corners completed | B7: =COUNTIF(Corners!$A$2:$A$9,"Baseline") -> 4 | C7: =COUNTIF(Corners!$A$2:$A$9,"Dual PID") -> 4 | D7: =C7-B7 -> 0 | E7: Turns listed in the Corners sheet
A8: Run time logged (s) | B8: =MAX('Baseline Data'!$A$2:$A$95) -> 96.75 | C8: =MAX('Dual PID Data'!$A$2:$A$136) -> 139.08 | D8: =C8-B8 -> 42.33 | E8: Time of the last log line
A9: RMS error (m) | B9: =SQRT(SUMPRODUCT(('Baseline Data'!$B$2:$B$95="FOLLOW")*('Baseline Data'!$D$2:$D$95)^2)/B6) -> 0.01284108 | C9: =SQRT(SUMPRODUCT(('Dual PID Data'!$B$2:$B$136="FOLLOW")*('Dual PID Data'!$D$2:$D$136)^2)/C6) -> 0.013733432 | D9: =C9-B9 -> 0.00089235166 | E9: sqrt(mean(error^2))
A10: RMS error (cm) | B10: =B9*100 -> 1.284108 | C10: =C9*100 -> 1.3733432 | D10: =C10-B10 -> 0.089235166 | E10: RMS in centimetres
A11: Mean error (m) | B11: =AVERAGEIF('Baseline Data'!$B$2:$B$95,"FOLLOW",'Baseline Data'!$D$2:$D$95) -> 0.00116 | C11: =AVERAGEIF('Dual PID Data'!$B$2:$B$136,"FOLLOW",'Dual PID Data'!$D$2:$D$136) -> 0.0020535714 | D11: =C11-B11 -> 0.00089357143 | E11: Average signed error (steady offset)
A12: Max error, largest magnitude (m) | B12: =IF(_xlfn.MAXIFS('Baseline Data'!$D$2:$D$95,'Baseline Data'!$B$2:$B$95,"FOLLOW")>=-_xlfn.MINIFS('Baseline Data'!$D$2:$D$95,'Baseline Data'!$B$2:$B$95,"FOLLOW"),_xlfn.MAXIFS('Baseline Data'!$D$2:$D$95,'Baseline Data'!$B$2:$B$95,"FOLLOW"),_xlfn.MINIFS('Baseline Data'!$D$2:$D$95,'Baseline Data'!$B$2:$B$95,"FOLLOW")) -> -0.03 | C12: =IF(_xlfn.MAXIFS('Dual PID Data'!$D$2:$D$136,'Dual PID Data'!$B$2:$B$136,"FOLLOW")>=-_xlfn.MINIFS('Dual PID Data'!$D$2:$D$136,'Dual PID Data'!$B$2:$B$136,"FOLLOW"),_xlfn.MAXIFS('Dual PID Data'!$D$2:$D$136,'Dual PID Data'!$B$2:$B$136,"FOLLOW"),_xlfn.MINIFS('Dual PID Data'!$D$2:$D$136,'Dual PID Data'!$B$2:$B$136,"FOLLOW")) -> -0.038 | D12: =C12-B12 -> -0.008 | E12: Signed value of the largest |error|
A13: Within +/-1 cm | B13: =COUNTIFS('Baseline Data'!$B$2:$B$95,"FOLLOW",'Baseline Data'!$D$2:$D$95,">=-0.01",'Baseline Data'!$D$2:$D$95,"<=0.01")/B6 -> 0.49333333 | C13: =COUNTIFS('Dual PID Data'!$B$2:$B$136,"FOLLOW",'Dual PID Data'!$D$2:$D$136,">=-0.01",'Dual PID Data'!$D$2:$D$136,"<=0.01")/C6 -> 0.55357143 | D13: =C13-B13 -> 0.060238095 | E13: Share of FOLLOW samples with |error| <= 0.01 m
A14: Within +/-2 cm | B14: =COUNTIFS('Baseline Data'!$B$2:$B$95,"FOLLOW",'Baseline Data'!$D$2:$D$95,">=-0.02",'Baseline Data'!$D$2:$D$95,"<=0.02")/B6 -> 0.90666667 | C14: =COUNTIFS('Dual PID Data'!$B$2:$B$136,"FOLLOW",'Dual PID Data'!$D$2:$D$136,">=-0.02",'Dual PID Data'!$D$2:$D$136,"<=0.02")/C6 -> 0.86607143 | D14: =C14-B14 -> -0.040595238 | E14: Share of FOLLOW samples with |error| <= 0.02 m
A15: Min left distance (m) | B15: =_xlfn.MINIFS('Baseline Data'!$C$2:$C$95,'Baseline Data'!$B$2:$B$95,"FOLLOW") -> 0.278 | C15: =_xlfn.MINIFS('Dual PID Data'!$C$2:$C$136,'Dual PID Data'!$B$2:$B$136,"FOLLOW") -> 0.274 | D15: =C15-B15 -> -0.004 | E15: Closest approach in FOLLOW
A16: Max left distance (m) | B16: =_xlfn.MAXIFS('Baseline Data'!$C$2:$C$95,'Baseline Data'!$B$2:$B$95,"FOLLOW") -> 0.33 | C16: =_xlfn.MAXIFS('Dual PID Data'!$C$2:$C$136,'Dual PID Data'!$B$2:$B$136,"FOLLOW") -> 0.338 | D16: =C16-B16 -> 0.008 | E16: Furthest distance in FOLLOW
A17: Mean speed in FOLLOW (m/s) | B17: =AVERAGEIF('Baseline Data'!$B$2:$B$95,"FOLLOW",'Baseline Data'!$G$2:$G$95) -> 0.0736 | C17: =AVERAGEIF('Dual PID Data'!$B$2:$B$136,"FOLLOW",'Dual PID Data'!$G$2:$G$136) -> 0.054107143 | D17: =C17-B17 -> -0.019492857 | E17: Average cmd_v while following
A18: Mean corner turn time (s) | B18: =AVERAGEIF(Corners!$A$2:$A$9,"Baseline",Corners!$E$2:$E$9) -> 4.59 | C18: =AVERAGEIF(Corners!$A$2:$A$9,"Dual PID",Corners!$E$2:$E$9) -> 5.9625 | D18: =C18-B18 -> 1.3725 | E18: Average of turn durations in Corners
A20: Errors during TURN_RIGHT are excluded: the PID is off while the robot rotates in place and the side beam sweeps across the corner.
A21: Values come from ~1 Hz log lines; the ros2 bag (/wall_error at ~8.7 Hz) gives finer detail for final plots.

Sheet Baseline Data
A1: Time (s) | B1: State | C1: Left distance (m) | D1: Error (m) | E1: Front (m) | F1: Front-left (m) | G1: cmd_v (m/s) | H1: cmd_w (rad/s) | J1: Notes
A2: 0 | B2: FOLLOW | C2: 0.33 | D2: -0.03 | E2: 1.8 | F2: 0.427 | G2: 0.08 | H2: 0.03 | J2: Source: real-robot terminal log of left_wall_follow, 25 Oct 2026, log lines at ~1 Hz.
A3: 1.03 | B3: FOLLOW | C3: 0.328 | D3: -0.028 | E3: 1.731 | F3: 0.422 | G3: 0.08 | H3: 0.028 | J3: Error = 0.30 m target - left distance. Positive = too close to the wall.
A4: 2.07 | B4: FOLLOW | C4: 0.326 | D4: -0.026 | E4: 1.655 | F4: 0.414 | G4: 0.08 | H4: 0.027 | J4: Blue values are copied from the log. Time = seconds since the first log line.
A5: 3.12 | B5: FOLLOW | C5: 0.322 | D5: -0.022 | E5: 1.572 | F5: 0.41 | G5: 0.08 | H5: 0.022
A6: 4.14 | B6: FOLLOW | C6: 0.32 | D6: -0.02 | E6: 1.495 | F6: 0.402 | G6: 0.08 | H6: 0.02
A7: 5.18 | B7: FOLLOW | C7: 0.315 | D7: -0.015 | E7: 1.413 | F7: 0.402 | G7: 0.08 | H7: 0.016
A8: 6.21 | B8: FOLLOW | C8: 0.311 | D8: -0.011 | E8: 1.337 | F8: 0.389 | G8: 0.08 | H8: 0.011
A9: 7.24 | B9: FOLLOW | C9: 0.306 | D9: -0.006 | E9: 1.257 | F9: 0.389 | G9: 0.08 | H9: 0.007
A10: 8.28 | B10: FOLLOW | C10: 0.302 | D10: -0.002 | E10: 1.173 | F10: 0.381 | G10: 0.08 | H10: 0.003
A11: 9.34 | B11: FOLLOW | C11: 0.299 | D11: 0.001 | E11: 1.096 | F11: 0.376 | G11: 0.08 | H11: 0
A12: 10.36 | B12: FOLLOW | C12: 0.295 | D12: 0.005 | E12: 1.013 | F12: 0.376 | G12: 0.08 | H12: -0.004
A13: 11.38 | B13: FOLLOW | C13: 0.291 | D13: 0.009 | E13: 0.934 | F13: 0.371 | G13: 0.08 | H13: -0.008
A14: 12.43 | B14: FOLLOW | C14: 0.288 | D14: 0.012 | E14: 0.85 | F14: 0.366 | G14: 0.08 | H14: -0.011
A15: 13.46 | B15: FOLLOW | C15: 0.285 | D15: 0.015 | E15: 0.77 | F15: 0.357 | G15: 0.08 | H15: -0.015
A16: 14.48 | B16: FOLLOW | C16: 0.282 | D16: 0.018 | E16: 0.691 | F16: 0.36 | G16: 0.08 | H16: -0.017
... A95: 96.75 | B95: TURN_RIGHT | C95: 0.311 | D95: -0.011 | E95: 1.714 | F95: 0.395 | G95: 0 | H95: -0.12

Sheet Dual PID Data
A1: Time (s) | B1: State | C1: Left distance (m) | D1: Error (m) | E1: Front (m) | F1: Front-left (m) | G1: cmd_v (m/s) | H1: cmd_w (rad/s) | J1: Notes
A2: 0 | B2: FOLLOW | C2: 0.338 | D2: -0.038 | E2: 1.786 | G2: 0.049 | H2: 0.046 | J2: Source: real-robot terminal log of dual_wall_follow, 25 Oct 2026, log lines at ~1 Hz.
A3: 1.03 | B3: FOLLOW | C3: 0.334 | D3: -0.034 | E3: 1.749 | G3: 0.052 | H3: 0.04 | J3: Error = 0.30 m target - left distance. Positive = too close to the wall.
A4: 2.06 | B4: FOLLOW | C4: 0.33 | D4: -0.03 | E4: 1.701 | G4: 0.056 | H4: 0.032 | J4: Blue values are copied from the log. Time = seconds since the first log line.
A5: 3.16 | B5: FOLLOW | C5: 0.321 | D5: -0.021 | E5: 1.65 | G5: 0.063 | H5: 0.021 | J5: Dual PID logs the two-beam corrected distance as "left" and does not log front-left.
A6: 4.22 | B6: FOLLOW | C6: 0.306 | D6: -0.006 | E6: 1.169 | G6: 0.075 | H6: -0.006
A7: 5.25 | B7: FOLLOW | C7: 0.298 | D7: 0.002 | E7: 1.546 | G7: 0.078 | H7: 0
A8: 6.28 | B8: FOLLOW | C8: 0.287 | D8: 0.013 | E8: 1.48 | G8: 0.07 | H8: -0.019
A9: 7.32 | B9: FOLLOW | C9: 0.284 | D9: 0.016 | E9: 1.414 | G9: 0.067 | H9: -0.019
A10: 8.35 | B10: FOLLOW | C10: 0.277 | D10: 0.023 | E10: 1.357 | G10: 0.061 | H10: -0.031
A11: 9.38 | B11: FOLLOW | C11: 0.276 | D11: 0.024 | E11: 1.296 | G11: 0.06 | H11: -0.029
A12: 10.41 | B12: FOLLOW | C12: 0.274 | D12: 0.026 | E12: 1.237 | G12: 0.059 | H12: -0.032
A13: 11.45 | B13: FOLLOW | C13: 0.277 | D13: 0.023 | E13: 1.178 | G13: 0.062 | H13: -0.027
A14: 12.48 | B14: FOLLOW | C14: 0.281 | D14: 0.019 | E14: 1.117 | G14: 0.065 | H14: -0.023
A15: 13.51 | B15: FOLLOW | C15: 0.286 | D15: 0.014 | E15: 1.054 | G15: 0.069 | H15: -0.017
A16: 14.54 | B16: FOLLOW | C16: 0.285 | D16: 0.015 | E16: 0.996 | G16: 0.068 | H16: -0.018
A17: 15.57 | B17: FOLLOW | C17: 0.29 | D17: 0.01 | E17: 0.93 | G17: 0.072 | H17: -0.01
... A136: 139.08 | B136: TURN_RIGHT | C136: 0.313 | D136: -0.013 | E136: 1.717 | G136: 0 | H136: -0.1

Sheet Corners
A1: Controller | B1: Corner # | C1: Turn start (s) | D1: Turn end (s) | E1: Turn duration (s) | F1: Error before turn (m) | G1: Error after turn (m) | I1: Before = last FOLLOW sample before the turn; after = first FOLLOW sample after it. Blank = log ended first.
A2: Baseline | B2: 1 | C2: 20.38 | D2: 24.91 | E2: =IF(OR(C2="",D2=""),"",D2-C2) -> 4.53 | F2: 0.021 | G2: -0.012
A3: Baseline | B3: 2 | C3: 44.51 | D3: 49.03 | E3: =IF(OR(C3="",D3=""),"",D3-C3) -> 4.52 | F3: 0.014 | G3: -0.012
A4: Baseline | B4: 3 | C4: 68.4 | D4: 73.06 | E4: =IF(OR(C4="",D4=""),"",D4-C4) -> 4.66 | F4: 0.005 | G4: -0.015
A5: Baseline | B5: 4 | C5: 92.31 | D5: 96.96 | E5: =IF(OR(C5="",D5=""),"",D5-C5) -> 4.65 | F5: 0.019
A6: Dual PID | B6: 1 | C6: 30.23 | D6: 36.16 | E6: =IF(OR(C6="",D6=""),"",D6-C6) -> 5.93 | F6: -0.007 | G6: -0.029
A7: Dual PID | B7: 2 | C7: 64.09 | D7: 70.06 | E7: =IF(OR(C7="",D7=""),"",D7-C7) -> 5.97 | F7: -0.001 | G7: -0.03
A8: Dual PID | B8: 3 | C8: 98.73 | D8: 104.72 | E8: =IF(OR(C8="",D8=""),"",D8-C8) -> 5.99 | F8: 0.007 | G8: -0.034
A9: Dual PID | B9: 4 | C9: 133.43 | D9: 139.39 | E9: =IF(OR(C9="",D9=""),"",D9-C9) -> 5.96 | F9: 0.009

Sheet Observations
A1: Observations
A3: Topic | B3: Observation
A4: Accuracy is similar | B4: Both controllers keep RMS error near 1.3 cm. Baseline is slightly better within +/-2 cm; dual PID is slightly better within +/-1 cm. Neither is clearly more accurate on this arena.
A5: Speed is the main difference | B5: Baseline runs at 0.08 m/s and steps to 0.04 m/s near a wall. Dual PID ramps speed up after a corner and tapers it smoothly to 0.03 m/s before the next one, so its average speed is lower and a lap takes longer.
A6: Corner approach | B6: Dual PID reaches each corner at minimum speed with no step change, which is safer and smoother. Baseline arrives at 0.04 m/s after an abrupt change.
A7: Baseline drift cycle | B7: Baseline leaves each corner slightly far (about -0.012 m), drifts through zero and ends slightly close (about +0.019 m) before the next corner. It repeats on every wall, so it is systematic. Likely cause: a small heading error after the odometry-based turn, corrected slowly by a single side beam and Kp = 1.0.
A8: Corner turns are slower in dual PID | B8: Dual PID turns at up to 0.30 rad/s versus 0.40 rad/s in the baseline, so each 90 deg turn takes about 1.4 s longer. Together with the lower straight-line speed, this explains most of the longer run time.
A9: Start of run | B9: Both runs start with the largest error (about -0.03 to -0.04 m) because the robot was placed slightly further than 0.30 m from the wall.
A10: TURN_RIGHT excluded | B10: Errors up to about -0.1 m during turns are not controller errors; the PID is off while turning in place.
A11: Dual PID development | B11: Earlier dual PID versions failed: heavy filtering and a slew limit caused lag and overshoot, and a single side beam with higher Kp made the robot arc into the wall. The two-beam wall-angle estimate and a 0.35 m front trigger fixed both.
